Item Name,Item URL,Item URI,Category,Subcategory,Publisher,Attribute 1,Value 1,Schema URI 1,Attribute 2,Value 2,Schema URI 2,Attribute 3,Value 3,Schema URI 3,Attribute 4,Value 4,URI 4,Attribute 5,Value 5,URI 5
The Deal,https://blackwells.co.uk/bookshop/product/The-Deal-by-Elle-Kennedy/9780349447155,http://example.org/webshop/the-deal-9780349447155,Book,Romance,"Little, Brown",bookTitle,The Deal,https://schema.org/name,author,Elle Kennedy,https://schema.org/author,price,27.14,https://schema.org/price,numberOfPages,389,https://schema.org/numberOfPages,datePublished,2025-11-13,https://schema.org/datePublished
Burn of the Everflame,https://blackwells.co.uk/bookshop/product/Burn-of-the-Everflame-by-Penn-Cole/9781035432523,http://example.org/webshop/burn-of-the-everflame-9781035432523,Book,Romance,Headline Publishing Group,bookTitle,Burn of the Everflame,https://schema.org/name,author,Penn Cole,https://schema.org/author,price,20.73,https://schema.org/price,numberOfPages,848,https://schema.org/numberOfPages,datePublished,2026-09-08,https://schema.org/datePublished
The Poison Daughter,https://blackwells.co.uk/bookshop/product/The-Poison-Daughter-by-Sheila-Masterson/9781911760764,http://example.org/webshop/the-poison-daughter-9781911760764,Book,Romance,Transworld,bookTitle,The Poison Daughter,https://schema.org/name,author,Sheila Masterson,https://schema.org/author,price,29.35,https://schema.org/price,numberOfPages,656,https://schema.org/numberOfPages,datePublished,2026-08-18,https://schema.org/datePublished
The Girls,https://blackwells.co.uk/bookshop/product/The-Girls-by-John-Bowen/9781529970982,http://example.org/webshop/the-girls-9781529970982,Book,Romance,Random House,bookTitle,The Girls,https://schema.org/name,author,John Bowen,https://schema.org/author,price,18.40,https://schema.org/price,numberOfPages,240,https://schema.org/numberOfPages,datePublished,2026-06-04,https://schema.org/datePublished
The Ballad of Falling Dragons,https://blackwells.co.uk/bookshop/product/The-Ballad-of-Falling-Dragons-by-Sarah-A-Parker/9780008838126,http://example.org/webshop/the-ballad-of-falling-dragons-9780008838126,Book,Romance,HarperCollins Publishers,bookTitle,The Ballad of Falling Dragons,https://schema.org/name,author,Sarah A. Parker,https://schema.org/author,price,31.72,https://schema.org/price,numberOfPages,576,https://schema.org/numberOfPages,datePublished,2026-11-05,https://schema.org/datePublished
Pink Ink,https://blackwells.co.uk/bookshop/product/Pink-Ink-by-Avina-St-Graves/9781668218983,http://example.org/webshop/pink-ink-9781668218983,Book,Romance,Gallery Books,bookTitle,Pink Ink,https://schema.org/name,author,Avina St. Graves,https://schema.org/author,price,22.33,https://schema.org/price,numberOfPages,400,https://schema.org/numberOfPages,datePublished,2026-08-13,https://schema.org/datePublished
Twisted Lies,https://blackwells.co.uk/bookshop/product/Twisted-Lies-by-Ana-Huang/9780349448411,http://example.org/webshop/twisted-lies-9780349448411,Book,Romance,"Little, Brown",bookTitle,Twisted Lies,https://schema.org/name,author,Ana Huang,https://schema.org/author,price,28.31,https://schema.org/price,numberOfPages,554,https://schema.org/numberOfPages,datePublished,2026-07-30,https://schema.org/datePublished
Riftborne,https://blackwells.co.uk/bookshop/product/Riftborne-by-Bree-Grenwich-Parker-Lennox/9780241818657,http://example.org/webshop/riftborne-9780241818657,Book,Romance,Penguin Random House Children's UK,bookTitle,Riftborne,https://schema.org/name,author,"Bree Grenwich,, Parker Lennox",https://schema.org/author,price,27.43,https://schema.org/price,numberOfPages,432,https://schema.org/numberOfPages,datePublished,2026-04-23,https://schema.org/datePublished
Smoke,https://blackwells.co.uk/bookshop/product/Smoke-by-Ivan-Sergeevich-Turgenev-author-Donald-Rayfield-translator/9798896230441,http://example.org/webshop/smoke-9798896230441,Book,Romance,New York Review Books,bookTitle,Smoke,https://schema.org/name,author,Ivan Sergeevich Turgenev,https://schema.org/author,price,23.46,https://schema.org/price,numberOfPages,272,https://schema.org/numberOfPages,datePublished,2026-07-14,https://schema.org/datePublished
Butcher & Blackbird,https://blackwells.co.uk/bookshop/product/Butcher-and-Blackbird-by-Brynne-Weaver/9780349441566,http://example.org/webshop/butcher-blackbird-9780349441566,Book,Romance,"Little, Brown",bookTitle,Butcher & Blackbird,https://schema.org/name,author,Brynne Weaver,https://schema.org/author,price,19.08,https://schema.org/price,numberOfPages,368,https://schema.org/numberOfPages,datePublished,2023-12-21,https://schema.org/datePublished
IT,https://blackwells.co.uk/bookshop/product/IT-by-Stephen-King/9781399761550,http://example.org/webshop/it-9781399761550,Book,Horror,Hodder & Stoughton,bookTitle,IT,https://schema.org/name,author,Stephen King,https://schema.org/author,price,35.13,https://schema.org/price,numberOfPages,1088,https://schema.org/numberOfPages,datePublished,2026-09-03,https://schema.org/datePublished
Fawn,https://blackwells.co.uk/bookshop/product/Fawn-by-C-N-Vair/9780857508805,http://example.org/webshop/fawn-9780857508805,Book,Horror,Transworld,bookTitle,Fawn,https://schema.org/name,author,C. N. Vair,https://schema.org/author,price,27.39,https://schema.org/price,numberOfPages,368,https://schema.org/numberOfPages,datePublished,2026-08-27,https://schema.org/datePublished
Solace House,https://blackwells.co.uk/bookshop/product/Solace-House-by-Will-Maclean/2100000300747,http://example.org/webshop/solace-house-2100000300747,Book,Horror,Atlantic Books,bookTitle,Solace House,https://schema.org/name,author,Will Maclean,https://schema.org/author,price,23.28,https://schema.org/price,numberOfPages,512,https://schema.org/numberOfPages,datePublished,2026-05-07,https://schema.org/datePublished
We Have Always Lived in the Castle,https://blackwells.co.uk/bookshop/product/We-Have-Always-Lived-in-the-Castle-by-Shirley-Jackson/9780141191454,http://example.org/webshop/we-have-always-lived-in-the-castle-9780141191454,Book,Horror,Penguin Books Ltd,bookTitle,We Have Always Lived in the Castle,https://schema.org/name,author,Shirley Jackson,https://schema.org/author,price,19.08,https://schema.org/price,numberOfPages,158,https://schema.org/numberOfPages,datePublished,2009-10-01,https://schema.org/datePublished
Frankenstein,https://blackwells.co.uk/bookshop/product/Frankenstein-by-Philip-Pullman-Mary-Wollstonecraft-Shelley/9780198314981,http://example.org/webshop/frankenstein-9780198314981,Book,Horror,OUP OXFORD,bookTitle,Frankenstein,https://schema.org/name,author,"Philip Pullman,, Mary Wollstonecraft Shelley",https://schema.org/author,price,24.76,https://schema.org/price,numberOfPages,80,https://schema.org/numberOfPages,datePublished,2003-08-06,https://schema.org/datePublished
THE WALL: A horrifying true story of a haunting,https://blackwells.co.uk/bookshop/product/THE-WALL-A-horrifying-true-story-of-a-haunting-by-Sarro-Cindy/9781420880373,http://example.org/webshop/the-wall-a-horrifying-true-story-of-a-haunting-9781420880373,Book,Horror,Author Solutions Inc,bookTitle,THE WALL: A horrifying true story of a haunting,https://schema.org/name,author,"Sarro,, Cindy",https://schema.org/author,price,24.03,https://schema.org/price,numberOfPages,136,https://schema.org/numberOfPages,datePublished,2006-01-05,https://schema.org/datePublished
Carmilla,https://blackwells.co.uk/bookshop/product/Carmilla-by-Joseph-Sheridan-Le-Fanu/9781782275848,http://example.org/webshop/carmilla-9781782275848,Book,Horror,Pushkin Press,bookTitle,Carmilla,https://schema.org/name,author,Joseph Sheridan Le Fanu,https://schema.org/author,price,17.14,https://schema.org/price,numberOfPages,160,https://schema.org/numberOfPages,datePublished,2020-10-15,https://schema.org/datePublished
Fourth Wing,https://blackwells.co.uk/bookshop/product/Fourth-Wing-by-Rebecca-Yarros/9780349437019,http://example.org/webshop/fourth-wing-9780349437019,Book,Fantasy,"Little, Brown",bookTitle,Fourth Wing,https://schema.org/name,author,Rebecca Yarros,https://schema.org/author,price,19.31,https://schema.org/price,numberOfPages,561,https://schema.org/numberOfPages,datePublished,2024-03-26,https://schema.org/datePublished
Iron Flame,https://blackwells.co.uk/bookshop/product/Iron-Flame-by-Rebecca-Yarros/9780349437057,http://example.org/webshop/iron-flame-9780349437057,Book,Fantasy,"Little, Brown",bookTitle,Iron Flame,https://schema.org/name,author,Rebecca Yarros,https://schema.org/author,price,19.35,https://schema.org/price,numberOfPages,786,https://schema.org/numberOfPages,datePublished,2024-11-19,https://schema.org/datePublished
Onyx Storm,https://blackwells.co.uk/bookshop/product/Onyx-Storm-by-Rebecca-Yarros/9780349437064,http://example.org/webshop/onyx-storm-9780349437064,Book,Fantasy,"Little, Brown",bookTitle,Onyx Storm,https://schema.org/name,author,Rebecca Yarros,https://schema.org/author,price,28.67,https://schema.org/price,numberOfPages,527,https://schema.org/numberOfPages,datePublished,2025-01-21,https://schema.org/datePublished
Shatter Me,https://blackwells.co.uk/bookshop/product/Shatter-Me-by-Tahereh-Mafi/9780008660239,http://example.org/webshop/shatter-me-9780008660239,Book,Fantasy,HarperCollins Publishers,bookTitle,Shatter Me,https://schema.org/name,author,Tahereh Mafi,https://schema.org/author,price,26.21,https://schema.org/price,numberOfPages,328,https://schema.org/numberOfPages,datePublished,2023-11-23,https://schema.org/datePublished
Wolf Siren,https://blackwells.co.uk/bookshop/product/Wolf-Siren-by-Beth-OBrien/9780008642013,http://example.org/webshop/wolf-siren-9780008642013,Book,Fantasy,HarperCollins Publishers,bookTitle,Wolf Siren,https://schema.org/name,author,Beth O'Brien,https://schema.org/author,price,17.70,https://schema.org/price,numberOfPages,304,https://schema.org/numberOfPages,datePublished,2025-03-27,https://schema.org/datePublished
The Enemy's Daughter,https://blackwells.co.uk/bookshop/product/The-Enemys-Daughter-by-Melissa-Poett/9780008774585,http://example.org/webshop/the-enemy-s-daughter-9780008774585,Book,Fantasy,HarperCollins Publishers,bookTitle,The Enemy's Daughter,https://schema.org/name,author,Melissa Poett,https://schema.org/author,price,20.67,https://schema.org/price,numberOfPages,384,https://schema.org/numberOfPages,datePublished,2025-05-08,https://schema.org/datePublished
Re:ZERO Volume 1,https://blackwells.co.uk/bookshop/product/ReZERO-Volume-1-by-Tappei-Nagatsuki-author-Shinichiro-Otsuka-illustrator/9780316315302,http://example.org/webshop/re-zero-volume-1-9780316315302,Book,Fantasy,"Little, Brown",bookTitle,Re:ZERO Volume 1,https://schema.org/name,author,Tappei Nagatsuki,https://schema.org/author,price,18.09,https://schema.org/price,numberOfPages,231,https://schema.org/numberOfPages,datePublished,2016-07-19,https://schema.org/datePublished
Chain of Thorns,https://blackwells.co.uk/bookshop/product/Chain-of-Thorns-by-Cassandra-Clare/9781406358117,http://example.org/webshop/chain-of-thorns-9781406358117,Book,Fantasy,Walker Books,bookTitle,Chain of Thorns,https://schema.org/name,author,Cassandra Clare,https://schema.org/author,price,23.49,https://schema.org/price,numberOfPages,676,https://schema.org/numberOfPages,datePublished,2023-01-31,https://schema.org/datePublished
The Big Book of Real Analysis,https://blackwells.co.uk/bookshop/product/The-Big-Book-of-Real-Analysis-by-Syafiq-Johar/9783031308314,http://example.org/webshop/the-big-book-of-real-analysis-9783031308314,Book,Mathematics,Springer Nature Switzerland,bookTitle,The Big Book of Real Analysis,https://schema.org/name,author,Syafiq Johar,https://schema.org/author,price,90.04,https://schema.org/price,numberOfPages,910,https://schema.org/numberOfPages,datePublished,2024-01-05,https://schema.org/datePublished
Introducing Mathematics,https://blackwells.co.uk/bookshop/product/Introducing-Mathematics-by-Ziauddin-Sardar-author-Jerry-Ravetz-author-Borin-Van-Loon-illustrator/9781848312975,http://example.org/webshop/introducing-mathematics-9781848312975,Book,Mathematics,Icon Books,bookTitle,Introducing Mathematics,https://schema.org/name,author,"Ziauddin Sardar,, Jerome R. Ravetz,, Borin Van Loon",https://schema.org/author,price,16.02,https://schema.org/price,numberOfPages,176,https://schema.org/numberOfPages,datePublished,2011-09-01,https://schema.org/datePublished
Mathematics,https://blackwells.co.uk/bookshop/product/Mathematics-by-Keith-J-Devlin/9780231116398,http://example.org/webshop/mathematics-9780231116398,Book,Mathematics,Columbia University Press,bookTitle,Mathematics,https://schema.org/name,author,Keith J. Devlin,https://schema.org/author,price,31.85,https://schema.org/price,numberOfPages,320,https://schema.org/numberOfPages,datePublished,2001-04-30,https://schema.org/datePublished
Cambridge O Level Mathematics Coursebook,https://blackwells.co.uk/bookshop/product/Cambridge-O-Level-Mathematics-Coursebook-by-Dean-Chalmers-Ahmed-Saya/9781009316453,http://example.org/webshop/cambridge-o-level-mathematics-coursebook-9781009316453,Book,Mathematics,Cambridge University Press,bookTitle,Cambridge O Level Mathematics Coursebook,https://schema.org/name,author,"Dean Chalmers,, Ahmed Saya",https://schema.org/author,price,60.05,https://schema.org/price,numberOfPages,656,https://schema.org/numberOfPages,datePublished,2023-06-08,https://schema.org/datePublished
Algebra,https://blackwells.co.uk/bookshop/product/9780198732822,http://example.org/webshop/algebra-9780198732822,Book,Mathematics,OUP OXFORD,bookTitle,Algebra,https://schema.org/name,author,Peter M. Higgins,https://schema.org/author,price,16.59,https://schema.org/price,numberOfPages,160,https://schema.org/numberOfPages,datePublished,2015-10-22,https://schema.org/datePublished
Applied Mathematics,https://blackwells.co.uk/bookshop/product/9780198754046,http://example.org/webshop/applied-mathematics-9780198754046,Book,Mathematics,OUP OXFORD,bookTitle,Applied Mathematics,https://schema.org/name,author,Alain Goriely,https://schema.org/author,price,16.59,https://schema.org/price,numberOfPages,176,https://schema.org/numberOfPages,datePublished,2018-02-22,https://schema.org/datePublished
The Myth of Sisyphus,https://blackwells.co.uk/bookshop/product/The-Myth-of-Sisyphus-by-Albert-Camus/9780141182001,http://example.org/webshop/the-myth-of-sisyphus-9780141182001,Book,Philosophy,Penguin Books Ltd,bookTitle,The Myth of Sisyphus,https://schema.org/name,author,Albert Camus,https://schema.org/author,price,19.08,https://schema.org/price,numberOfPages,191,https://schema.org/numberOfPages,datePublished,2000-03-30,https://schema.org/datePublished
Principles of Biomedical Ethics,https://blackwells.co.uk/bookshop/product/Principles-of-Biomedical-Ethics-by-Tom-L-Beauchamp-James-F-Childress/9780190640873,http://example.org/webshop/principles-of-biomedical-ethics-9780190640873,Book,Philosophy,OUP USA,bookTitle,Principles of Biomedical Ethics,https://schema.org/name,author,"Tom L. Beauchamp,, James F. Childress",https://schema.org/author,price,149.43,https://schema.org/price,numberOfPages,512,https://schema.org/numberOfPages,datePublished,2019-10-01,https://schema.org/datePublished
Teaching about Technology,https://blackwells.co.uk/bookshop/product/Teaching-About-Technology-by-Marc-J-de-Vries/9781402052743,http://example.org/webshop/teaching-about-technology-9781402052743,Book,Philosophy,Springer Netherlands,bookTitle,Teaching about Technology,https://schema.org/name,author,"de Vries,, Marc J.",https://schema.org/author,price,23.82,https://schema.org/price,numberOfPages,172,https://schema.org/numberOfPages,datePublished,2006-12-04,https://schema.org/datePublished
Philosophical Issues of Human Cyborgization and the Necessity of Prolegomena on Cyborg Ethics,https://blackwells.co.uk/bookshop/product/Philosophical-Issues-of-Human-Cyborgization-and-the-Necessity-of-Prolegomena-on-Cyborg-Ethics-by-Ivana-Greguric/9781799892311,http://example.org/webshop/philosophical-issues-of-human-cyborgization-and-the-necessity-of-prolegomena-on-cyborg-ethics-9781799892311,Book,Philosophy,IGI Global,bookTitle,Philosophical Issues of Human Cyborgization and the Necessity of Prolegomena on Cyborg Ethics,https://schema.org/name,author,"Greguric,, Ivana",https://schema.org/author,price,17.70,https://schema.org/price,numberOfPages,360,https://schema.org/numberOfPages,datePublished,2021-10-30,https://schema.org/datePublished
Analytic Philosophy,https://blackwells.co.uk/bookshop/product/9780198778028,http://example.org/webshop/analytic-philosophy-9780198778028,Book,Philosophy,OUP OXFORD,bookTitle,Analytic Philosophy,https://schema.org/name,author,Michael Beaney,https://schema.org/author,price,16.59,https://schema.org/price,numberOfPages,160,https://schema.org/numberOfPages,datePublished,2017-11-23,https://schema.org/datePublished
Aristotle,https://blackwells.co.uk/bookshop/product/9780192854087,http://example.org/webshop/aristotle-9780192854087,Book,Philosophy,OUP OXFORD,bookTitle,Aristotle,https://schema.org/name,author,Jonathan Barnes,https://schema.org/author,price,16.59,https://schema.org/price,numberOfPages,160,https://schema.org/numberOfPages,datePublished,2000-10-12,https://schema.org/datePublished
The Discovery of France,https://blackwells.co.uk/bookshop/product/The-Discovery-of-France-by-Graham-Robb/9781035039197,http://example.org/webshop/the-discovery-of-france-9781035039197,Book,Travel,Pan Macmillan,bookTitle,The Discovery of France,https://schema.org/name,author,Graham Robb,https://schema.org/author,price,19.39,https://schema.org/price,numberOfPages,496,https://schema.org/numberOfPages,datePublished,2024-08-08,https://schema.org/datePublished
Notes from a Small Island,https://blackwells.co.uk/bookshop/product/9781784161194,http://example.org/webshop/notes-from-a-small-island-9781784161194,Book,Travel,Transworld,bookTitle,Notes from a Small Island,https://schema.org/name,author,Bill Bryson,https://schema.org/author,price,19.08,https://schema.org/price,numberOfPages,378,https://schema.org/numberOfPages,datePublished,2015-07-30,https://schema.org/datePublished
In Patagonia,https://blackwells.co.uk/bookshop/product/9780099769514,http://example.org/webshop/in-patagonia-9780099769514,Book,Travel,Random House,bookTitle,In Patagonia,https://schema.org/name,author,Bruce Chatwin,https://schema.org/author,price,17.18,https://schema.org/price,numberOfPages,260,https://schema.org/numberOfPages,datePublished,1998-12-03,https://schema.org/datePublished
A Walk in the Woods,https://blackwells.co.uk/bookshop/product/9781784161446,http://example.org/webshop/a-walk-in-the-woods-9781784161446,Book,Travel,Transworld,bookTitle,A Walk in the Woods,https://schema.org/name,author,Bill Bryson,https://schema.org/author,price,19.78,https://schema.org/price,numberOfPages,337,https://schema.org/numberOfPages,datePublished,2015-08-13,https://schema.org/datePublished
The Old Ways,https://blackwells.co.uk/bookshop/product/9780141030586,http://example.org/webshop/the-old-ways-9780141030586,Book,Travel,Penguin Books Ltd,bookTitle,The Old Ways,https://schema.org/name,author,Robert Macfarlane,https://schema.org/author,price,20.47,https://schema.org/price,numberOfPages,448,https://schema.org/numberOfPages,datePublished,2013-05-30,https://schema.org/datePublished
The Great Railway Bazaar,https://blackwells.co.uk/bookshop/product/9780618658947,http://example.org/webshop/the-great-railway-bazaar-9780618658947,Book,Travel,HMH Books,bookTitle,The Great Railway Bazaar,https://schema.org/name,author,Paul Theroux,https://schema.org/author,price,26.33,https://schema.org/price,numberOfPages,342,https://schema.org/numberOfPages,datePublished,2006-06-01,https://schema.org/datePublished
The Baddies,https://blackwells.co.uk/bookshop/product/The-Baddies-by-Julia-Donaldson-author-Axel-Scheffler-artist/9780702303517,http://example.org/webshop/the-baddies-9780702303517,Book,ChildrensBook,Scholastic,bookTitle,The Baddies,https://schema.org/name,author,Julia Donaldson,https://schema.org/author,price,20.89,https://schema.org/price,numberOfPages,32,https://schema.org/numberOfPages,datePublished,2022-09-01,https://schema.org/datePublished
The Stick Man Finger Puppet Book,https://blackwells.co.uk/bookshop/product/The-Stick-Man-Finger-Puppet-Book-by-Julia-Donaldson-author-Axel-Scheffler-artist/9780702335501,http://example.org/webshop/the-stick-man-finger-puppet-book-9780702335501,Book,ChildrensBook,Scholastic,bookTitle,The Stick Man Finger Puppet Book,https://schema.org/name,author,Julia Donaldson,https://schema.org/author,price,18.77,https://schema.org/price,numberOfPages,10,https://schema.org/numberOfPages,datePublished,2024-10-10,https://schema.org/datePublished
The Pop-Up Dear Zoo,https://blackwells.co.uk/bookshop/product/9781035004232,http://example.org/webshop/the-pop-up-dear-zoo-9781035004232,Book,ChildrensBook,Pan Macmillan,bookTitle,The Pop-Up Dear Zoo,https://schema.org/name,author,Rod Campbell,https://schema.org/author,price,16.44,https://schema.org/price,numberOfPages,18,https://schema.org/numberOfPages,datePublished,2023-10-19,https://schema.org/datePublished
The Miraculous Journey of Edward Tulane,https://blackwells.co.uk/bookshop/product/The-Miraculous-Journey-of-Edward-Tulane-by-Kate-DiCamillo-Bagram-Ibatoulline-illustrator/9781406360660,http://example.org/webshop/the-miraculous-journey-of-edward-tulane-9781406360660,Book,ChildrensBook,Walker Books,bookTitle,The Miraculous Journey of Edward Tulane,https://schema.org/name,author,Kate DiCamillo,https://schema.org/author,price,17.13,https://schema.org/price,numberOfPages,204,https://schema.org/numberOfPages,datePublished,2015-03-05,https://schema.org/datePublished
Goodnight Mister Tom,https://blackwells.co.uk/bookshop/product/Goodnight-Mister-Tom-by-Michelle-Magorian/9780141354804,http://example.org/webshop/goodnight-mister-tom-9780141354804,Book,ChildrensBook,Penguin Random House Children's UK,bookTitle,Goodnight Mister Tom,https://schema.org/name,author,Michelle Magorian,https://schema.org/author,price,17.70,https://schema.org/price,numberOfPages,357,https://schema.org/numberOfPages,datePublished,2014-07-03,https://schema.org/datePublished
Lolly Woe,https://blackwells.co.uk/bookshop/product/Lolly-Woe-by-Anna-Perera-author-Martina-Selway-illustrator/9780198448549,http://example.org/webshop/lolly-woe-9780198448549,Book,ChildrensBook,OUP OXFORD,bookTitle,Lolly Woe,https://schema.org/name,author,Anna Perera,https://schema.org/author,price,16.64,https://schema.org/price,numberOfPages,93,https://schema.org/numberOfPages,datePublished,2014-01-09,https://schema.org/datePublished
Harry Potter Box Set: The Complete Collection (Children's Hardback),https://blackwells.co.uk/bookshop/product/Harry-Potter-Box-Set-The-Complete-Collection-Childrens-Hardback-by-J-K-Rowling/9781408856789,http://example.org/webshop/harry-potter-box-set-the-complete-collection-children-s-hardback-9781408856789,Book,ChildrensBook,Bloomsbury Publishing (UK),bookTitle,Harry Potter Box Set: The Complete Collection (Children's Hardback),https://schema.org/name,author,J.K. Rowling,https://schema.org/author,price,140.37,https://schema.org/price,numberOfPages,3872,https://schema.org/numberOfPages,datePublished,2014-10-09,https://schema.org/datePublished
